{"pitch": [-4.368797137210734, 11.73200851709604, 207.2377026805454, 47.43587220276762], "energy": [-1.2925084829330444, 19.330724716186523, 19.371191454835902, 14.98728347483049]}