{"pitch": [-2.921797963077392, 11.404856121538566, 220.9766010876121, 49.87906871263879, -2.9111686414297138, 10.572731724675197, 221.60160738198297, 49.35583884081247], "energy": [-1.7598907947540283, 6.55240535736084, 21.632089839483193, 12.208158905798859, -2.0085701942443848, 7.654153347015381, 21.24104917101947, 10.501990022418386]}