{"pitch": [-2.921797963077406, 11.404856121538588, 220.97660108761244, 49.87906871263866, -2.9111686414297155, 10.57273172467523, 221.6016073819827, 49.35583884081234], "energy": [-1.7598907947540283, 6.55240535736084, 21.63208983948327, 12.208158904061365, -2.0085701942443848, 7.654153347015381, 21.24104917101951, 10.50199001952788]} 